First Name	Last Name	Email
Hank	John	Hank_John5046@gmail.com
Rocco	Matthews	Rocco_Matthews956@quotient-ninee.com
Paige	Knight	Paige_Knight5874@brety.org
Celina	Logan	Celina_Logan3810@gmail.com
Molly	Eddison-Quotable	Molly_Eddison+Quotable@eirey.tech
Cara	Clifton	Cara_Clifton3481@tonsy.org
Margot	Tait	Margot_Tait7979@gmail.com
Manuel	Stark	Manuel_Stark7569@fuliss.net
Tess	Donnelly	Tess_Donnelly1119@grannar.com
Mason	Emerson	Mason_Emerson4672@zorer-q.org
Anabel	Harrington	Anabel_Harrington6062@acrit.org
Sadie	Ross-Joney	Sadie_Ross2590@mafthy.com
David	Simmons	David_Simmons9039@dionrab.com
Hazel	Douglas	Hazel_Douglas2223@acrit.org
Chloe	Shields	Chloe_Shields3629@deavo.com
Maria	Irving	Maria_Irving7988@fuliss.net
Ron	Edler	Ron_Edler4720@zorer.org
Priscilla	Morley	Priscilla_Morley4568@extex.org
Julian	Richardson	Julian_Richardson1621@womeona.net
Parker	Myatt	Parker_Myatt371@joiniaa.com
Abdul	Page 	Abdul_Page.1188@bauros.biz
Juliet	Kennedy	Juliet_Kennedy9054@bretoux.com
Denis	Pratt	Denis_Pratt2421@corti.com
Manuel	Emmett	Manuel_Emmett305@deons.tech
Gloria	Murphy	Gloria_Murphy2332@elnee-fun.tech
Daron	Wilson-Hyphen	Daron_Wilson-Hyphen@twace.org
Jessica	Saunders	Jessica_Saunders3930@gembat.biz
Luke	Owens	Luke_Owens7282@nanoff.biz
Wade	Hobbs	Wade_Hobbs1519@corti.com
Jasmine	Glass	Jasmine_Glass6754@brety.org
Jennifer	Walker	Jennifer_Walker9410@eirey.tech
Aisha	Stevens	Aisha_Stevens6920@quotient-ninee.com
Maribel	Dixon	Maribel_Dixon7757@grannar.com
John	Stubbs	John_Stubbs263@atink.com
Julian	Durrant	Julian_Durrant8550@infotech44.tech
Phillip	Cann	Phillip_Cann7457@acrit.org
Megan	Stanton	Megan_Stanton1051@joiniaa.com
Carol	Noon-Sundae	Carol_Noon1410@cispeto.com
Molly	Long	Molly_Long3912@naiker.biz
Emery	Greenwood	Emery_Greenwood6000@eirey-space.tech
Russel	Quinton	Russel_Quinton5309@quotient-ninee.com
Kendra	Reese	Kendra_Reese9705@quotient-ninee.com
Rosalie	Morrow	Rosalie_Morrow3387@quotient-ninee.com
Angela	Mitchell	Angela_Mitchell3608@twace.org
Martin	Gallacher	Martin_Gallacher5225@twace.org
Parker	Gordon	Parker_Gordon704@elnee.tech
Kieth	Cork-Thursday	Kieth_Cork.Thursday@grannar.com
Maxwell	Wren	Maxwell_Wren7687@elnee.tech
Adalie	Appleton	Adalie_Appleton8138@kideod.biz
Livia	Uttley	Livia_Uttley686@iatim.tech
